phases,True Curie T,Predicted Curie T
Ba C O V,29.0,-16.157276
Fe N Ni,692.0,588.029
Al Gd Ir,67.0,61.539234
Cr Fe Nd Si,14.0,418.9105
Ni P Tb,12.4,13.940472
Fe Pt,753.0,592.7865
Ga Mn V,783.0,239.18553
Ba La Mn Nd O,306.0,264.48877
Dy Rh,18.0,47.544197
Co Eu Fe Sb,56.0,371.01163
Co Mn Rh Sb,534.0,241.64458
Ca Ge La Mn O,225.0,197.6683
Al B Fe Gd,610.0,526.54816
Eu Ir P,18.2,0.56349343
Dy Ga Mn Nd O Sr,65.0,180.19118
As Mn Zn,309.0,120.88516
C Fe Lu Nd,530.0,583.65704
Cr Fe N Nd,685.0,630.99695
Al Gd La,230.0,93.01607
Fe Gd Mn Si,335.0,338.50906
Bi Ca Cr Mn O,72.6,215.97974
Al Co Fe La Nd,294.0,496.65005
Dy Fe,673.0,618.56287
Er Fe Ga Pr,411.0,431.90475
Cd Gd Zn,260.0,28.976147
Cu F Pd,10.0,24.634514
Ga Ni Tm,6.5,21.571623
B Co Fe Nb Pr,621.0,804.45105
Mn O P Zn,300.0,95.74685
Lu O V,73.8,46.104603
Al Ce Ge Ni,4.0,8.957407
Fe Ho Nd Ti,419.0,569.2087
Ce Fe Ge,918.0,408.42145
B Ce Er Fe,510.0,430.25555
Co Ho Tb,150.0,306.13123
Ce Fe H Mo,460.0,428.0139
Ca La Mn O Sr,342.0,267.2984
Au Cd Gd,110.0,103.56427
Eu Os P,15.0,-23.425457
Cu Nd Ni,38.0,10.615994
Cu Fe Nd Ti,553.0,421.0979
Fe Li O Sr Zn,685.0,690.89655
Co Er P,146.0,117.73497
Cu Gd Mg,113.5,83.37894
K Mo O,70.0,73.24565
Cr Sb Te,250.0,113.489395
Fe Mn Ni Sb,350.0,294.33002
Cr Sb Yb,280.0,109.21856
Ho Si,77.0,104.39469
Mn Nd Ni O Sm,203.0,174.31998
Ce Pt Si,5.8,6.6212664
Ag Ho,19.9,23.932312
Fe Mn O Pr,570.0,341.61053
Fe Lu O,628.0,431.35217
Fe Gd N Nd,768.0,713.78534
Co K O P,20.0,32.142895
Cr La Mn Nd O Sr,185.0,210.6871
Er Fe Pr Ti,395.0,514.33
Ba Co Gd O Sr,280.0,285.92218
Fe Gd Sn,300.0,455.6588
Ba Bi Co O Sc,35.0,245.48886
Ca Co Dy La O,130.0,92.811844
Cr La O S,35.0,44.53819
Al Cu Tb,52.0,69.8461
Fe Ho Tb,630.0,545.5215
Mg Mn Nd O Sr,180.0,187.84613
B Ho Si,15.0,42.125782
Fe Nd Ti V,585.0,487.01685
Ba Ca Co K O,60.0,256.58517
Ga Ir Tb,5.2,16.837976
Co Dy Mn O,100.0,149.56598
Ba Co Fe O Sr,683.0,603.3792
Ba Co Ho O,303.0,255.6378
Co H Nd Si,20.5,289.68365
Fe Tb Zn,58.0,107.97754
Cr O Tb,22.0,125.00846
Ce Ge Si,11.5,51.88254
C Fe N Sm Ti,739.0,700.5223
Mn Sb Te,17.0,152.7944
Fe O P Sr,55.0,283.3282
Gd Sm,180.0,224.11607
Cu Ni Zn,275.0,40.991528
Er Ge Mn,390.0,234.06949
Fe Ga N Y,602.0,633.01965
Al Dy Ni,42.0,38.647808
Co I La,14.0,189.12892
Ca Gd Mn O Sr,120.0,189.25871
Cd Cu Tm,16.6,50.356754
Co In Mn Ni,400.0,334.36957
C Co Fe Nd,593.0,695.8637
Ba Ca Co Nd O,305.0,346.34915
Cu Ga Mn Ni,350.0,199.06146
Cu In Tb,81.0,52.63063
Al Fe N Y,593.0,620.0031
B Dy,55.0,127.03614
Mn O Tb,38.0,106.03082
Ir Si Tb,4.3,33.721146
Cu Mn Pr Si,150.0,203.51866
Co Cu F Rb,5.78,284.2115
Ca Mg Mn Sn,258.0,198.16376
Ca Gd Mn O,120.0,156.91922
Ag Fe Nd,340.0,371.61588
Bi Fe Mn O,109.0,301.991
As Mn Ti,320.0,295.61276
Gd Ge,65.0,258.27066
Fe Mn P Si,382.0,216.43248
C Fe Mo N Nd,510.0,768.4355
Co Cr Fe Sm,607.0,723.9278
C Fe Ta Tb,729.0,635.1852
Dy Ru,30.0,34.397617
Ag Gd Mg,39.3,65.355194
Er Gd,193.0,92.291084
Cu Fe La O,653.0,415.02496
Cr Fe O Pb,510.0,403.50778
Ge Mn P,320.0,193.56326
Ga Ni Tb,19.0,37.649235
Ba Ca Co O,70.0,372.6296
Ca Cr Mo O,125.0,189.11133
Al B Co Fe Pr Tb,683.0,606.2508
Co Er,1123.0,414.22116
Ba Mn O Pr Sb,175.0,107.79622
Bi Ni O Sr,20.0,122.43803
Cu Ni Tm,5.4,43.31236
Cr Mn Sb,504.0,248.5438
Ca Cd La Mn O,165.0,226.83505
Eu Ga Ge Sr,17.7,68.9639
Fe O Sm Sr,652.5,572.6356
Mn O Sc,58.0,69.68446
Er Fe N Y,690.0,653.686
Al Gd Sm,127.0,98.27527
La Mn Ni O,300.0,230.06447
Dy Pd Si,9.0,20.795628
Cu La O Ru,16.0,52.143444
Mn Sm,456.0,396.37656
Gd La Ni,38.0,113.87263
Co H Y,460.0,364.49472
Ba Mn O Y,498.0,94.61685
Er Ni,74.0,33.211086
In Mn O Ru,46.5,158.91849
Gd Si Sn,312.0,170.0542
B Dy Fe Tm,561.4,542.60974
Fe Gd Si Ti,571.0,586.8504
Fe Ga Mn Sm,360.0,420.93677
Co Cu Tb,235.0,441.62897
Cd Co Fe O,625.0,544.70245
B Mn Mo,600.0,299.43665
Cd O V,24.0,61.848717
Co Fe Mo Nd Y,710.0,698.7298
Fe Gd Mo Nb,507.0,550.04486
Nd Ni P,18.0,25.657759
C Cu Fe H K N O,20.0,-146.89383
Cd Cr Se V,128.0,89.72582
C Fe Gd N,813.0,694.3338
Ag Al Ce Ge,3.3,0.5373695
Co Cu O P,34.0,86.27533
Co Fe Mo N Y,879.0,895.92163
Fe Gd Nb Ni,618.0,519.9763
Co S Ti,140.0,229.51239
Fe Mo N Sm,704.0,675.0998
Cr Pr Sb,147.0,140.5039
Cu Mn N,219.7,301.30505
Ho La Mn O Sr V,320.0,82.69733
Al Fe V,542.0,473.00186
Al Ce Fe O Sr,620.0,384.87015
Er Fe Ga,526.0,445.3836
Fe Ge Ni O,695.0,449.53674
Bi Co La Mn O,230.0,188.83302
Al Au Mn,220.0,162.63394
As Fe Gd,56.0,188.15485
B Co Fe Nd Y,1000.0,737.9124
Fe O Tb Y,560.0,529.43884
Cu H Ho,10.0,2.127788
Ba Ca Co O Y,294.0,261.27005
Bi Fe Te,12.0,166.11748
Dy Fe Si Tb,500.0,568.5506
La Mn O Sc Sr,195.0,272.52173
Fe Gd Sm Ti,608.0,609.79675
La Mn O Sn Sr,359.0,340.62054
Er H Ni,12.0,-32.551746
Fe Gd Ta,515.0,560.55096
Co Fe Zr,510.0,781.16266
Cd Cr Se Ti,129.0,146.38383
Ce Ge Ru,11.0,25.411638
Co P Tm,147.0,80.393265
B Fe Pr Si,609.0,518.7595
Fe Gd H Ti,652.0,562.07416
Ce Ga Si,2.3,40.883488
La Mn Si,362.0,312.80902
Ba Co Fe Mg O,600.0,720.2644
Cr Fe Ni,470.0,406.94727
Ga Mn P,373.0,121.310875
Ce Cu,7.1,73.61048
Ce Cu Si,15.5,39.383526
C In Ni,577.0,66.63412
Cu Er Mn O,405.0,154.74417
Cu F K Zn,3.9,-6.328167
Al Co Pr,1037.0,337.67767
Cu F K Mn,0.4,152.81409
Al Fe Lu Ti,328.0,452.16144
Al Fe Lu,356.0,424.3614
C Er Mo,8.0,168.73172
Ce Mn Sb,130.0,172.39337
Al Fe Sm Tb,463.0,497.10675
Ge Mn,800.0,394.11755
Al Fe Tb,445.0,503.6536
Ba Cu La Nd O,5.0,154.15732
Cd S,300.0,19.36927
Cu Er Fe,465.0,338.05762
C Ho Si,43.0,66.19498
Cr Cu Ge S,145.0,119.89435
B Fe H Lu,602.0,489.59848
Fe Lu Re,380.0,465.8882
B Nd Ru,39.0,26.004976
Co Fe La Y,675.0,604.7265
Nd Te,38.0,31.763994
Dy Fe H Ta,597.0,641.71796
Co Sm V,360.0,429.85336
Fe Mn Nd Sn,372.0,440.90762
Er Fe Pr Si,405.0,407.5898
Fe Mn O,860.0,333.44092
Eu Mn Sb,600.0,195.33015
Gd Sb,260.0,173.1424
Ho Ni Sc,8.8,75.69536
B Mn Ta,780.0,260.03104
Mn Sm Zn,255.0,145.14282
Mn Ni Pd Sn,259.0,258.5014
Au Ce Sn,5.0,4.518202
Co Mn Nd O,175.0,277.2695
Bi Fe La O,671.0,345.49066
Mn O Sr Tb,42.0,101.35921
Gd Ge Mn Sm,350.0,381.56836
Ca Mn O Y,50.0,113.21578
Co O Sr Y,340.0,216.60501
Cr La Pr Sb,110.0,167.4677
Eu O,333.0,53.08209
C Fe Nb Sm,533.0,663.1601
C Mg O,108.0,61.58292
Co Mn Sc Sn,660.0,439.951
Bi Co Dy,34.0,117.31293
Co Fe V Y,685.0,746.2244
Ce Co O Sr,300.0,187.05882
Ba La Mn O Sr,303.0,343.9225
Al Mn P,291.0,129.52223
Cu Eu O Ru Sr,139.0,134.92386
Al B Co Dy Fe Pr,681.0,545.9134
C Dy Fe N,768.0,655.697
Ag K La Mn O,310.0,254.62398
Nd O Re,9.0,27.897013
Ca Co Fe Ir O,687.0,384.7727
B Cu Er Fe,565.0,511.6175
Bi Fe O Se,47.0,322.39703
Bi La Mn Ni O,270.0,176.8224
Ge Ru Tb,70.0,51.486233
Ce Fe N Ti,710.0,657.5446
Al Ni Tm,12.0,44.649464
La Mg Mn O Sr,220.0,252.93909
Cu Ge Pr,13.4,30.88649
Cu Fe,925.0,440.76825
Ca Co Fe O,5.0,447.3242
Gd Mn O Sm Sr,59.0,213.67744
Ce Cu Sb,11.3,32.21992
Co Fe Tb W,778.0,805.0965
Bi Cu Mn O,350.0,193.31421
Cu In Mn Pd,170.0,169.34616
Cd Eu Ge K,9.3,-32.46274
H O S Tm,0.31,-32.87045
Fe Ge La,906.0,378.5639
C Dy Gd,281.7,105.30287
Ga Ho Mn Sn,387.0,239.57288
C Er Fe Nb,673.0,629.6545
Al Au Cr Eu,10.0,115.574585
Al Dy Re,14.0,28.744047
Fe Ga Hf,47.9,439.8753
Ho In Pt,23.5,18.979153
Fe Ni O,883.0,517.9954
Ca La Mn O Sm,128.0,184.91647
Dy Mn O,42.0,60.949245
Fe N Tb,733.0,735.96674
Fe Mo Tb Y,497.0,499.91858
Al Ga Mn Ni,370.0,200.49417
Ba Fe O Sr Zn,355.0,494.98926
Cr O Sr W,500.0,86.73567
B Fe Nd Pr,582.0,589.14905
Fe H Ho Mo,460.0,454.48895
C Ga In Mn,240.0,209.87369
La Mn O Sr Y,323.75,177.72682
B Fe Nd Sn,593.0,545.75586
Ca Co La O Pr,150.0,107.277374
Fe Ga Ni,845.0,396.8983
Ba Fe O,812.0,493.7489
Co Fe Mo O Sr,360.0,513.11017
Dy Fe Tb V,412.0,610.9671
Cd Cr Cu Fe S,124.0,434.84024
Co Fe Ge Ti,650.0,684.2216
Ce Fe N V,758.0,647.3018
Fe Si Sm,723.0,597.14465
Cr S Sr,75.0,73.12036
Cl Cs Gd Na,0.035,20.056911
Al N Ni,300.0,61.631763
Co Er Mo,665.0,483.69043
Fe Gd Zn,86.0,117.32999
Ga Mo S,19.5,57.44363
Gd Ni Pd,298.0,66.6398
Cd Cr Se Sn,115.0,131.21262
Fe N Yb,675.0,527.392
Fe P Pd,205.0,143.4462
B Ga Mn Ni,392.0,202.89296
Ga Gd Pd,30.0,28.246195
Al Er Fe N,609.0,565.1504
Nd Ni O,80.0,59.167244
Ce Ru Si,11.7,-2.3645282
B Dy Er Fe,571.0,507.24536
Eu Pd Si,40.0,30.259985
Fe Ga Li O,853.0,541.93024
As Ce Fe,95.0,135.84981
Ho Ru Si,6.4,5.2445183
Fe Ga Yb,530.0,329.9964
Ca Mn O Pr Sc,95.0,185.23404
Fe Mo Ni O Sr,424.0,388.99915
B Mn O Pb,31.0,113.99708
B Ce Fe,470.0,506.7291
Cd Fe Mn Nd O,90.0,380.3316
Ca Cr Gd Mn O,100.0,209.4902
Er Fe Nb Ni,643.0,470.17868
Cr Cu Sb Se,383.0,252.41634
Co Eu Fe Li O,750.0,699.18427
Cu O Sr,80.0,89.697754
Co Fe Mo Sm,1020.0,747.5815
Co Dy Fe O Zn,160.0,447.76462
C Fe Mo Tm,540.0,517.46954
B Ce Co Rh,105.0,222.8171
Ce Ni Pt Y,4.5,14.98774
Gd Sc,274.0,191.82138
Fe Ho N,710.0,697.10675
Fe Ga Mn Ni,454.0,366.4068
Cu La Mn O Pb Pr,300.0,261.41943
Ni Sm Sn,50.0,85.335266
Ce Ni Y,92.0,-2.5985167
Ho Sb Zr,22.0,58.700436
B Co Ni Pr,947.0,307.61255
Co Ga V,357.3,439.09436
Ce Ga Pt,4.0,7.1752214
Ca Eu H Ru,15.0,-12.926741
Co H Mn Zr,134.0,330.90582
Au Ge Ho,6.2,18.479717
As Mn Pd,210.0,175.3613
Cu Pd Tb,76.0,34.06304
Fe Sc Ti,435.0,521.96783
Ga La Mn O,60.0,276.36346
Fe Nd Re,450.0,465.67828
Mn Si,40.0,313.16382
Cr Fe Si Tb,18.0,473.43323
Bi Cr Fe O Ti,106.0,319.94818
B Co Tb Y,150.0,359.79874
Ge Mn Ru V,200.0,150.91922
Co Fe Ge Mn P,264.0,493.13342
Al Er Ga,14.0,36.34789
Pd Si Yb,8.0,49.38476
Co O Zn,790.0,197.35532
B Dy Fe H,638.0,552.7577
Bi Gd Sb,289.0,84.46798
Bi Fe O,825.0,324.96558
C Fe Lu,657.0,577.8609
Al C Fe Sm,590.0,447.41357
Ba Co O Sm,263.9,162.80681
Fe H N O P,17.82,220.36021
Ag Ce Nd,9.0,-25.14949
Ag In Pr,29.0,7.6700935
Co Fe Si Y,825.0,783.9826
C H Mn O Ru,3.0,53.232777
C Co H N O,3.0,-72.37637
Dy Ni,170.0,60.431694
La Mn O Sn,180.0,277.33966
Ba H Ir O,172.0,30.70428
Gd Mn Ni,110.0,239.45943
B Fe Mo Nd,673.0,541.0623
Co Ge Mn V,330.0,368.48816
Dy Ni Pr,19.6,9.342778
Fe Mn Nd,436.0,454.16022
Co Gd Pr,936.0,448.81378
C Cr Fe H K N O,19.5,-122.7951
Ge Mn Pr,477.0,336.91656
Co Si Ti,385.0,501.53912
Fe H Si Y,536.0,546.24994
Cr Fe Nd,534.0,490.792
Ir La O Zn,9.5,65.42131
Ca Mn O Ta,70.0,119.58275
Fe Ge Ho,907.0,453.02158
C Fe Tm,656.0,520.3341
Fe Ga Lu,560.0,432.2891
Co Dy Ho Tb,134.0,183.91655
Fe Mn Ni Si,393.0,304.37158
Co La Mn Na O,198.0,238.6196
Cl Cu O Te,13.6,-3.1955726
Fe La Mo O Sr,427.0,364.26166
Ba Co O Pr,229.0,177.0658
Fe La Mn Si,306.0,312.9416
Ga Mn Pt,230.0,178.13292
B Dy Rh,11.2,24.509298
Dy Fe Mo Nd Ti,417.0,513.5413
B Ce Ir La,2.5,48.303326
B Co Nd Ni,991.0,302.73935
Fe P Sm,6.3,420.69214
Cr La Mn O Sr,327.0,269.78513
Cr Gd Ge Mn,350.0,219.48659
Ga Gd Tb,298.0,99.59441
C Eu Li,225.0,100.579735
Fe Ho Mo N,649.0,654.67584
Ca Fe O Re,540.0,258.54382
Fe Nd Si,713.0,507.726
Ce Ge Ru Si,10.0,36.94415
C Ce Fe H Si,436.0,290.07272
Ce Sc Si,26.0,31.818094
B Co Fe Pr Tb,704.0,712.6468
Mn Pr Si,130.0,255.73225
Al B Co Fe Nd Pr,684.0,778.6408
Al Fe O Sr Y,622.0,294.88434
Dy Gd Si,306.0,115.67517
Co Fe Ga,1090.0,737.86395
Er Mg,17.5,30.712166
Al Ca La Mn O,210.0,247.34555
Fe Ge Mg O,370.0,477.9812
Eu P Se,22.5,-12.374243
Mn O Pr Sr,324.0,196.35718
Fe Mo N Nd Ti,673.0,635.8556
In Pt Sm,25.0,73.457664
Pr Sb,37.0,50.73279
Mn Nd Ni O Pb,140.0,190.53752
Fe Nd Sm Ti,568.0,551.2
Ce Ge Pt,3.77,7.4940653
Ce Fe La Si,221.0,237.6095
Cd Gd Ru,63.6,85.449326
B Nd Pt,5.0,25.350355
Ho Mn Ni,75.0,149.02206
La Mn O Sm Te,188.0,205.58849
Co Ho Mo,718.0,496.65088
Ce Co Ge,20.0,202.25647
Mn O Yb,80.0,72.4541
Ga Gd Ni,30.5,66.99178
B Fe Ga Pr,580.0,551.46686
Cu Pr Sn,10.5,27.389395
Cd Cr Se,152.0,120.632614
Be Cu Sm,54.0,21.736984
Fe Nd Ti Zr,435.0,449.2437
Al Fe Pr Ti,408.0,479.57245
Ho Mn Sn,410.0,238.15305
Al Fe La,245.0,339.86844
Mn Nd O Sr Zr,256.0,248.57454
Ba Mn O Sm,60.0,113.51277
Fe Hf Nb,125.0,585.5355
Cd Co Fe O Ti,506.0,485.31015
Co Nd P,140.0,129.07602
Fe Pt Sn,1010.0,435.0857
Fe Pt V,190.0,492.8222
Mn Nd Ni O Sr,245.0,266.48602
Gd La Mn Si,300.0,334.76416
Fe Ga Gd Y,532.0,532.4224
Ca Ga La Mn O Sr,135.0,184.98466
Cr Se Sr,150.0,125.15262
Rh Sn Tm,13.0,-7.2853136
Cr Sn Te,300.0,125.25857
Co O Sr Tb,140.0,223.74243
Fe Mn Na O Pr,80.0,229.03708
Cr Fe Ga Ni O,410.0,363.98627
Eu Si,117.0,99.38605
B Co Fe Nd Pr,373.0,759.8122
Cu Pr,0.00245,41.128864
B Co Er,505.0,375.1325
Cu Fe Pt,608.0,253.00217
Al Cu Tm,13.0,42.71789
Ba Dy La Mn O,190.0,241.79388
Fe Nd Sb,365.0,244.03012
Fe La Mn O Sr,211.0,337.86066
Ca La Mn Sb,210.0,203.6713
Co Ge Mn Si,390.0,390.8684
C Fe H Mn N O Rb,9.0,85.86414
Co Gd Ge Si,300.0,361.3642
Bi Mn O Sc,41.0,75.36302
Fe Sb Se,130.0,294.95856
Gd,300.0,222.02545
Cr Fe H Y,488.0,449.78656
Ce Gd,160.0,103.77683
Cd Cr Mn Se,135.0,250.82718
Al Fe La Nd,160.2,350.58264
Co Ga Mn Si,860.0,391.04022
Fe Na Sb,90.0,258.76065
Ca La Mn O Y,265.0,239.04504
B Co Fe Ga Nd,741.0,639.76056
Al Fe Li O,849.0,622.014
Dy Ga,116.0,115.02119
Ce Fe Sm Ti,552.0,500.75696
Cu Eu Sn,10.5,40.145367
Mn O Pb Pr,278.0,136.521
Gd Ho Rh,73.0,35.260838
C Fe Mn Sn,264.0,476.03027
Ce Pd Si,2.3,-0.7672665
Au Ga Tm,10.0,3.0637453
Gd Sb Zr,37.0,171.89084
La Mn O Sr Zr,343.0,212.97899
Ge Nd Pd Si,13.0,30.233315
Eu Fe P,99.0,109.24867
Co Fe Si,1109.0,808.14246
As Ni Tb,12.0,55.76814
Ce Rh,6.8,12.870652
Fe Ge Mn Nd,290.0,358.70038
Co H O Sr,160.0,186.88159
C Fe Si Tm,569.0,587.8187
Cu Dy Fe Mn O,326.0,339.8372
Co Ge La,14.0,315.586
Gd Pd Y,299.0,107.353615
Cr Fe Nd Y,422.0,476.51068
Dy Si,140.0,133.10663
C Cr H N O Tb,12.0,-41.56329
Fe Ti Y,540.0,615.7978
Ca La Mn Nd O Sr,275.0,212.63005
Er Ru Si,8.0,-14.598162
Al Fe O Ru Sr,305.0,343.60205
Cr Gd La Sb,110.0,168.33969
Fe H Sm Ti,642.0,592.52057
Mn Pb Rh,338.0,209.74509
La Mn O Ti,160.0,210.16043
Al Gd In,192.0,77.1573
Cr N,273.0,272.34076
Ba Mn O Sm Sr,90.0,201.35522
Ca Cu Gd O Ru Sn Sr,75.0,213.72717
B Fe,1015.0,692.25543
Ag Al Nd,16.0,27.6471
Mn Si Te,82.0,168.30203
C Cr H Mn N O,74.0,0.4490931
Bi Dy Fe Mn,228.0,216.83089
H Mn O P,6.2,-52.953014
Co Cr S,1000.0,201.92778
Ba Co O Ru,100.0,118.22984
B Co Nd Y,1030.0,416.04636
Fe Gd La Si,215.0,307.46378
Fe Ga Sb,652.7,310.70026
Cl Fe H O,11.6,175.625
Co Nb O Sr,130.0,214.23103
Mn Ni Sn Ti,287.0,271.9025
B Fe Ho Nd,588.5,602.3642
B Co Fe Sm,768.0,870.5441
Ce Ge Sc,46.0,96.46173
As Mn Nd O,335.0,167.55408
Al B Fe Pr,530.0,527.96686
H Ni Pd,373.0,24.852715
B Co Fe Gd Mn,708.0,587.6271
Co La O Rh,14.7,94.71679
Er Fe Mn,500.0,377.7638
Cu Mn Sn,630.0,271.6582
Co La Sm Ti,932.0,532.17084
C Dy Fe Nb Y,710.0,493.35245
Cu Mn O Tb,400.0,136.67921
Co I Tb,96.0,167.16632
Al Er Ho,12.5,8.430754
Co Eu P,151.0,111.02631
B Er Fe Pr,559.0,543.0994
Ni O Re,24.0,50.54401
Cr Er Ge,2.5,89.42952
Al Fe Gd Y,483.0,497.4382
Al Co Fe Y,633.0,658.4132
Ce Fe H Si,460.0,421.8086
Cu Fe Ga Mn Ni,310.0,307.46875
Fe Pr Sb,4.1,248.92223
Co O Ru Sr,150.0,230.89987
Gd Mn Si Sm,48.0,287.98193
Fe Ni Si Y,560.0,527.74915
As Cu Eu,49.0,39.73511
Mn O Sb Tl,382.0,144.77962
C Cr Dy Si,13.0,122.26264
Ga Mn Sn Tm,369.0,294.50287
Fe H Sm,565.0,575.00366
Gd Mg Ni Y,48.0,94.13427
Ce Cr Sb,145.0,111.53027
Ba O Pr,11.6,94.896454
Al Dy Fe Pr Tb,568.0,310.13782
Eu In Pd,14.5,26.127455
Cu Si Yb,2.0,26.765371
Fe,1160.0,596.464
Cd Tm,8.55,62.951202
C Dy Fe Nb,699.0,654.8093
C Fe N Sm W,731.0,655.5327
Co P Pr,136.0,204.72894
Co Fe La O,360.0,533.88556
Fe Ga Ni O,600.0,417.8116
Gd Ge Mn Nd,456.0,366.8675
Ga Gd Si,286.3,118.63254
Ce Mn Ni,131.0,160.79779
Fe Ta Tb,576.0,586.13904
Dy Fe N Ti,760.0,758.3045
Er Fe V,570.0,501.43073
Cu Fe Y,381.0,382.26767
Dy Mg,46.0,66.42215
Co H Mo O,12.0,181.1261
C Fe Nb Nd,438.0,622.9505
Fe Sn,743.0,369.06894
B Ce Rh Ru,65.0,-6.9764853
Al Fe Zr,540.0,420.28348
Cd Gd,262.0,121.98249
Cd Co Cr Fe O,605.0,512.9085
Cu Fe Li O,754.0,592.65826
B Mn Si,480.0,224.89186
Dy Fe Ni,440.0,454.8372
Co Ga Mn,750.0,464.99106
Cr Eu Fe O,333.0,378.69562
Fe Gd Mo Zr,497.0,503.0609
Ni O P Pb,15.6,60.43046
Fe Ru Si,775.0,466.88495
Dy Mg Zn,3.8,18.0307
Fe Mo Nd Pr,467.5,490.52667
Al Co Fe Sm,710.0,703.83887
Co La Mo O Sr,175.0,336.07495
Mn O Sm Sr,174.0,174.0618
Al Fe Nd O Sr,615.0,473.34204
Al Fe O Sm Sr,617.0,424.21967
Al Fe Ga,400.0,439.20026
Co Ho Pr,947.0,362.40607
C Fe N Tb,779.0,691.7331
Al Cu Ho,23.0,62.733784
Bi I Ni,17.0,57.007824
Fe Si Y,588.0,584.6591
Al Er Fe Yb,368.0,262.11884
Al Ga Ni,33.0,48.924442
Ba Co Ir O,108.0,212.1552
B Co Fe La,775.0,708.5081
Fe Pr Si,693.0,478.68643
Fe Ni Ti Y,610.0,517.9724
Fe Lu O Y,639.0,418.55225
Ba Cr Fe Mo O,333.0,406.2249
Pd Tb,40.0,130.06805
C Fe H Si Sm,498.0,553.4894
C Er Fe Mn,415.0,359.66003
Co Mn Nd O Sm,160.0,264.2039
Cu Fe La Ni O Zn,463.0,421.56757
Co P Tb,150.0,164.44061
Au Ce Ga,6.0,13.733577
Cd Ce,16.5,39.782406
Dy Ni Tb,24.0,35.452858
Co K Se Tl,79.0,120.964836
Ce Os Sb,1.1,-12.770777
C Mn Sn Zn,200.0,208.7594
C Ga Mn Zn,270.0,236.4224
Fe Sb Tb,256.0,359.48364
Co Si Sm,1027.0,401.80368
Mn Ni O,430.0,191.76248
B Co Ge Nd,812.0,310.0701
In La Mn,140.0,315.58374
Ca Fe O Sm Sn,318.0,324.04602
Fe Gd N Nb,773.0,767.0603
Ba Ca Fe O,272.0,573.2304
C Fe N Nd V,685.0,655.8256
Be Gd Ge,70.5,88.99847
Ce Fe La Nd Pr,319.0,285.9912
Fe Mo Pr,498.0,497.16498
Ga O Ru Sr,128.0,81.46361
Ag Ce Ge,10.0,-15.172478
C Fe Gd V,664.0,661.69684
Bi Gd Ni Si,46.0,118.41927
Ca Ga La Mn O Pr,187.0,178.21567
Al Co Lu,150.0,225.22379
Ba Co Fe O Ti,805.0,659.6592
Ge Mn Si Sm,339.0,321.2838
Mn Pr,448.0,351.901
As Fe Na,45.0,97.14261
Co Y,1190.0,562.7497
Fe H Ta Tb,608.0,513.1339
Bi Ce Mn,370.0,162.47617
Fe O,1612.0,584.96124
Eu S Se Sr,7.4,-19.139715
Fe H Sm V,522.0,545.4086
Al Dy Fe Mn Tb,568.0,302.7541
B Co Gd Ge,212.0,266.95538
Ce Co Fe Ho La Nd Pr,52.0,479.85617
Cr Te Ti,155.0,239.11671
Ba Ca Co O Pr,60.0,319.7926
Eu Li O Y,14.9,132.0464
B C Eu,4.7,27.138437
Ba Co Fe O,763.0,754.53375
Co Cu Pt,190.0,279.74512
Au Ce P,37.0,-50.898308
Ba Co O Tb,300.0,126.79218
Co Pr Y,34.0,455.83215
Bi Fe Lu O,590.0,375.3535
Co Dy Fe Ga,393.0,563.72186
C Cr H Nd O,5.0,64.33503
Ge Mn Sm Sn,420.0,397.20386
Fe Sb Sn,430.0,316.82092
Al Cr Ni,140.0,145.85373
Li Mn Nd O Sr,150.5,199.47183
Ba Fe O W,330.0,519.6886
Al Fe Ni O,424.0,526.13605
B C Ni Tb,16.5,41.2304
Co Nd V,833.0,369.81323
Er Os,3.4,-9.576752
Fe Ta Y,398.0,567.70734
Dy Fe Sb,143.4,212.70003
Fe Mo Nb O Sr,210.0,395.7923
B Co Fe Mn Pr,618.0,564.2912
Cr Te Zn,220.0,75.12538
Co La Nb O,62.0,231.45233
N Tb,43.8,117.48363
Fe Ni Si Tb,588.0,502.25446
B Dy Mn,22.0,229.49994
Cd Cr In S,68.95,89.13595
Er Ge Ru,18.8,6.1415224
Dy H O,3.48,-34.087917
Co Gd Ni,278.0,288.7345
Ce Pd Pt,6.6,-12.940721
Co Si Y,848.0,461.99197
Ge Mn Yb,338.0,252.44269
Ba Cr Se,125.0,178.53656
B C Dy Fe,568.0,573.2041
Mn Ni O Tb,119.0,174.48633
Be Si Sm,50.0,20.94105
Gd Mg Pd,95.7,94.566
Bi Dy,50.0,76.50046
Fe Ga,1040.0,597.44476
Ce Mn Nd O Sr,252.0,235.45824
C Cr Si Tb,18.0,157.89499
Fe Ga Nd,554.0,524.59534
Au Ni Tb,28.0,22.398933
In Ni Pr Y,3.0,55.55125
Cu Fe Se,90.0,344.9183
Ge Si Tb,215.0,138.47739
Ir Si Tm,0.86,-2.1783702
Fe Sm Y,340.0,531.81354
C Fe Ti Tm,686.0,558.45325
Al Gd Mn,174.0,228.0309
Cu F Rb,6.05,83.398285
Ba Fe Mo Nd O Sr,391.0,411.70343
C Cu H O Tl,4.8,15.170608
Pd Pr Sb,9.0,48.573208
Co Mn O,178.9,187.04077
Ba La Mn Nd O Sr,335.0,276.53003
Cu Mn Sb,590.0,219.9501
Ba Fe Gd O,781.0,665.5202
Cu Pd Sm,28.0,26.658148
Ce H Ni Sn,7.5,21.35681
Fe Sb Sm,439.0,367.07425
Co Mn O W,10.0,135.17943
Cu Fe Ni,525.0,373.815
Al Mn O V,69.0,38.64639
Fe Nd Sm,638.0,514.05554
Cu Ga Ge Mn Ni,326.0,229.42436
Nd Rh Si,15.0,17.346024
Al Co Fe Si,1114.0,576.2083
B H Ni O P,2.4,-125.4507
Ca Cu Mn O Ru,40.0,183.7827
B Fe Y,580.0,609.942
Fe O Ti,434.0,474.63672
Dy Fe Pr V,595.0,566.32306
Fe Ho V,575.0,524.7418
Ba Cu F,4.5,62.304516
Al Dy,87.6,62.422134
Al Cu Mn O,82.0,181.3104
Co Ni Pd,914.0,218.46944
Na O Sb Ti,114.0,52.068924
C Eu Sr,12.8,-0.12766719
Fe H Ta Y,511.0,527.5837
Co La Mn O,250.0,291.54803
Cr Nb S,160.0,78.26303
Co Tb Te,174.0,285.123
Ca Mn Mo O,106.0,195.66655
Mn O Tm,14.0,74.80568
Cd Co Fe O Si,541.0,525.8124
Mn Na O Pr,239.0,107.38377
Mn Ni Si,622.0,269.13657
Ba La Mn O Sb,273.0,225.85944
Nd Zn,24.0,118.20414
Cu Fe Ga O Zn,373.0,397.3279
Ba Mn O Tb,474.0,124.884125
Mn Sn,269.0,321.0181
Ca Fe La Mn O,297.0,220.04836
C Cr H N O Sm,10.5,-61.95653
Bi Ho Mn,200.0,166.01653
Cu O Se Zn,31.0,64.167
Al Co Dy,727.0,338.91003
Cr La O Pb,293.0,105.468475
Fe O Sm,700.0,546.6222
Mn O Sc Tl,125.0,131.41203
H Rh Tb,80.0,24.078054
Gd In Pd Y,27.0,77.49896
Ca Fe La Mn O Pr,66.0,196.25021
Cl Cs Dy Na,0.021,-3.1948001
C Er Fe N,725.0,635.0538
Fe Mn Si Y,325.0,427.4472
Co Nb Ni Sn,60.0,193.25314
Co Dy Y,96.5,412.367
B C Nd,45.0,86.05413
Co Pr Si,953.0,431.68134
B Dy Fe Pr Tb,657.0,441.28342
Mn Ni Sb,760.0,267.0329
Fe Mn Ni O,560.0,402.73737
B Fe Mn Y,480.0,484.8814
Co Fe S,140.8,294.6541
Al Co Hf,180.0,333.2437
Ca Co O,24.0,70.096306
Co Fe Pr Sm Ti,930.0,779.86053
B Co Gd Pr,493.0,458.1071
Cr K Te,250.0,125.707596
Cr Fe La Mn O Sr,110.0,235.30836
Br Cl Fe Rb,1.8,196.3876
Fe Ho P,5.0,128.78583
Ce Co Ga,950.0,301.42496
Mn Sb,600.0,272.78168
Ga Mn Na,317.0,175.25159
Cd Cu Nd,29.8,63.4654
Gd Mn Si Ti,372.0,332.13885
B Fe Nd V,607.0,602.97144
Fe Gd Ti Y,465.0,553.32245
Cl Cu H K O,0.8957,-43.3441
Co Ga Ho,1070.0,382.14453
Co Cu Mn Sb,425.0,318.083
Fe Mn O Sn Zn,235.0,322.5531
Ge Ho Si,50.0,80.28031
Al Co Fe Ho,640.0,631.0101
Ce La Te,2.9,1.2015078
Au Ga Pr,7.0,0.19447923
Cr Se Ti,100.0,244.49219
Fe Gd Li O,800.0,617.75385
Ge Mn Tm,458.0,278.48138
Cu Fe Mg Ni O Zn,573.0,533.6358
Ba Fe Ni O Sn,444.0,391.15427
Ca Co Nd O,20.0,131.75322
Co Mn Nd O Pb,110.0,261.64685
Pt Yb,0.66,39.876392
Ce Fe Si,488.0,453.75372
Gd Pt Si,24.0,141.84976
Ge Mn Tb,450.0,328.09332
Lu Mn Sc Si,160.0,248.98584
Fe O Sr W,373.0,451.12927
Ce La Pt,2.4,15.803782
Co Dy Fe V,1043.0,737.56366
Cu O Ru Sr Y,148.0,105.381454
Er La Mn Si,302.0,231.70468
Co Gd In,66.0,243.80634
Co Fe Ge,1000.0,643.2802
Al Co Cu Mn,546.0,427.4932
Co O P Pr,48.0,154.50378
Gd La Mn O Sr,250.0,340.16315
Cu La Mn O Sr,325.0,292.282
Lu Mn O Ru,60.0,82.32023
La Mn Na Ni O,178.0,202.6521
Eu Se Tm,18.5,-7.65773
Ga Mn Rh,80.0,169.08224
Ce Fe Re,353.0,398.07806
Ga Mn Sb,540.0,188.83086
Mn O Ti Y,25.5,79.699715
Ce Ir Pd,6.6,-26.790998
C Cr Nd Si,27.0,126.682976
Eu Mg Tl,23.1,56.77981
Co Sn Tm,37.0,98.20755
Eu Ru Sn,10.5,31.97706
Be Cu Ti,15.2,119.859764
B Fe Rh Ru Ti,285.0,286.46472
Be Ge Tb,40.0,18.834593
C Co Pr,0.8,222.1021
B Cr Fe,643.0,562.0456
Ag Fe Pr,285.0,380.46436
Os Si Tm,1.0,-17.57478
Ce Co Fe La Si,252.0,296.7287
Al C Er Fe,226.0,469.70468
Fe Tb Ti,685.7,554.2874
In Mn Na O P,9.0,17.726347
C Ga Ge Mn,234.0,233.54929
Fe Ni O Sb,622.0,393.69995
Cr Mn O Pr Sr,289.0,228.79338
Fe Mo N Y,723.0,630.2368
Eu Ru Sb,4.0,39.89338
Co Fe Si Sm,984.0,816.12213
Cr Fe Ho,487.0,466.93878
Ba Co La O Pr Sr,220.0,171.64847
Fe Mn O Sm Sr,55.0,341.0919
Cu O Sm Sr,12.0,88.963066
Cd Ce Cu,2.0,78.71074
Rh Sb Yb,6.9,8.060337
Co Dy Fe Mo Nd,700.0,663.4077
Ca Eu Mn O,120.0,125.56047
As Cr Ni,190.0,155.81015
Co Dy Ga Nd,461.0,385.6069
Ag Ce La Sb,6.2,61.09594
Ca Mn O Pr Sm,40.0,168.42068
B Fe Pr Ti,557.0,616.76056
Ho O Ti,50.8,64.94957
Cr Ni,550.0,228.35428
Co Mn Nd O Sr,233.0,288.61395
